{"train_runtime":1893.4251,"train_steps_per_second":0.032,"train/reward":1.09375,"_runtime":1650,"_timestamp":1.7521483681492975e+09,"train/epoch":2,"total_flos":0,"train/learning_rate":0,"train/rewards/format_reward":1,"train/kl":0.001922607421875,"_wandb":{"runtime":1650},"train_samples_per_second":0.127,"train/grad_norm":5.125149940067855,"_step":60,"train/rewards/accuracy_reward":0.09375,"train_loss":7.50424045084704e-05,"train/reward_std":0.2041158676147461,"train/global_step":60,"train/loss":0.0001,"train/completion_length":145.21875}